text,true_emotion,predicted_emotion
@pbhushan1 @IndianExpress so in your opinion is this the worst delhi govt? #acrid  #hypocrisy,anger,anger
@LiamCannon1 He's just too raging to type properly... Ha ha!,anger,joy
@TrussElise Obama must be fuming.. lol,anger,joy
@fluffysoftlouis no no. I insist that you give me your best insult first,anger,joy
"Just watched Django Unchained, Other people may frown, but I titter in delight! 2/5",anger,joy
"@DxfyingGrxvity - frustration, looking up at Elphaba in a frown of aggravation. Her high pitched voice was growing more and more --",anger,anger
Ok scrubbed hands 5 times before trying to put them in.\nEyeballs #burning \n#EvenMoreBlind accidentally scared the #cat whilst #screeching,anger,fear
Sorry guys I have absolutely no idea what time i'll be on cam tomorrow but will keep you posted. ,anger,sadness
@ArcticFantasy I would have almost took offense to this if I actually snapped you,anger,joy
#oow16 #sting decent new song,anger,joy
Eat my ass' is no longer an insult,anger,joy
@DJ_JeanFranko growl!!!,anger,anger
Having a baby born too soon is #lifechanging 6 years on and it feels like only yesterday #sad #happy  #emotionalrollercoaster,anger,sadness
"Kik to trade, have fun or a conversation  (kik: youraffair) #kik #kikme #messageme #textme #pics #trade #tradepics #dm #snap #bored",anger,joy
Everybody talking about 'the first day of fall' but summer '16 is never gonna die #revenge @Drake,anger,joy
S/O to the girl that just hit my car...not only did she get lucky w/ no scratch but also from being spared the wrath of sleep deprived Kait🙃,anger,anger
Just joined #pottermore and was sorted into HUFFLEPUFF 😡😡😡 #fuming,anger,anger
Sorry guys I have absolutely no idea what time i'll be on cam tomorrow but will keep you posted. #fuming,anger,anger
Literally fuming fuck sake,anger,anger
"Kik to trade, have fun or a conversation  (kik: youraffair) #kik #kikme #messageme #textme #pics #trade #tradepics #dm  #bored",anger,joy
Losing to Villa...'@M0tivati0nQuote: Most of the things people worry about are things that won't even matter to them a few months from now.',fear,sadness
@All4 is the android app it designed to be buggy and work sporadically on a fire TV box? ,fear,anger
Rooney shocking attempted cross,fear,anger
"@madhav_pastey moral of the story, never check mails in the night. PS. Most notices have nothing much to worry about. @ashwinikn",fear,fear
“We can easily #forgive a #child who is #afraid of the #dark; the real #tragedy of #life is when #men are #afraid of the #light.”–Plato,fear,sadness
The Apocalypse has hit our gym and it's  nothing what I thought it would be...\n\nEveryone is wearing vests! What if it's contagious? ,fear,fear
About 7 weeks till I can pick up my camera again. Though I think there is a group cemetery shoot in october I can make! #photography ,fear,joy
"@spencer0415 awe, I love you kid!!",fear,joy
I want to be a woman who #overcomes obstacles by tackling them in #faith instead of tiptoeing around them in #fear. Renee Swope,fear,fear
@joey_coops yes Hun! Avoid at all costs!! ,fear,anger
"Really.....#Jumanji 2....w/ The Rock, Jack Black, and Kevin Hart...are you kidding me! WTF! #ThisIsATerribleIdea #horrible",fear,anger
An adviser to the #European #Union’s top #court said #Hamas and the #Tamil #Tigers should be taken off the EU’s #terror list.#lka,fear,joy
@lukeshawtime terrible,fear,sadness
Thanks for ripping me off again #Luthansa €400 not enough for a one way flight to man from Frk then €30 for a bag then free at gate #awful,fear,anger
@TheDappaMc also £2.50 for a chocolate Feast ice lolly.. proper shocking 😩,fear,anger
@RyanAbe awe yay thank god I was so worried.,fear,joy
That's an awful miss from Rooney.,fear,sadness
"⊰ @FrameOfAnAngel ⊱ \n\n+ Of them. I'm here for answers, and if I scare her to death, there won't be answers for me. \n\nSo instead, I just +",fear,fear
@AaliyahLove69 I would be intimidated but I would like to think I would have manned up and helped.,fear,fear
Hillary Clinton looked the other way to the Saudi war on women and their terror financing because they bought her off.,fear,anger
I love my family so much #lucky #grateful #smartassfamily #hilarious #love,joy,joy
"Imagine how sad LA fans are gona be when they get eliminated...Man that's gonna be Nirvana, a religious experience rejoicing in their misery",joy,joy
@hesham786 that's the spirit #optimism,joy,joy
"...at your age, the heyday in the blood is tame...' @TheArtofCharm #shakespeareaninsults #hamlet #elizabethan #williamshakespeare",joy,anger
@MichiganBromo Good optimism sir :),joy,joy
Tutoring gives me such an exhilarating feeling. I love helping people 😌,joy,joy
"Be it a rainy day, be it cheerful sunshine, I am a Prussian, want nothing to be but a Prussian.:|",joy,joy
@harrietemmett great minds think alike. #rejoice,joy,joy
"I'm absolutely in love with Laurie Hernandez, she's so adorable and is always so cheerful!",joy,joy
A #new day to #live and #smile. Hope all the #followers a nice #night or #day. :D,joy,joy
It feels good to get outside for a minute and get some fresh air.  It's hard to stay cooped up inside all day ,joy,joy
"If yiu don't respond .o an email within 7 days, you willxbe killed by an animated gif of the girl froa The Ri.g.",joy,fear
@hesham786 that's the spirit ,joy,joy
@Bridget_Jones was joyous. Worried I would be disappointed. Most definitely was not. #chickflick #giggles #comethefuckonbridget,joy,joy
@bruins_514 @gorddownie @thehipdotcom It would be #TragicallyHip if they can #help @TOYSFORASMILE make #hospitalized  #sick #kids #smile 😊✌❤,joy,joy
@Bluebelle89 @lsmith855 liking the optimism,joy,joy
@GigaFag @pipertownsend_ snapchat new would beg to differ ,joy,joy
Somebody who has braved the storm is brewing. ,joy,anger
Nawaz Sharif is getting more funnier than @kapilsharmak9 day by day. #laughter #challenge #kashmir #baloch,joy,joy
"@PhilGlutting Hey There Phil Glutting thank you for following us, it's appreciated :) ",joy,joy
"@KeithOlbermann depressing how despicable Trump, with no policies, campaigning on bigotry &amp; rancour can be so close, evil immoral disaster",sadness,anger
@Barcabhoy1 Of course not. Didn't sink his studs into a knee like Forrester,sadness,anger
"Stars, when you shine,\nYou know how I feel.\nScent of the pine, \nYou know how I feel.\nFreedom is mine,\nI know how I feel.\nI'm feelin' good.",sadness,joy
Remembering those day when u still did'nt know kpop n thinking about how sad your life was without it - Kpop fan,sadness,joy
"@CovinoandRich just heard back2back,  guess that's why they call it the blues &amp; she's got the look, but I can only sing tickle sacks version",sadness,joy
A .500 season is all I'm looking for at this point. #depressing #royals,sadness,sadness
"[ @HedgehogDylan ] *she would frown a bit, folding her arms* 'why is it that every time I'm in need of assistance someone expects a lil **",sadness,anger
"Just watched Django Unchained, Other people may frown, but I titter in delight! 2/5",sadness,joy
you are on an endless journey of figuring yourself out; don't be discouraged when you don't know who you are yet.,sadness,joy
"@GRIPLIKEAVICE_ I wouldn't mind if it didn't you know, threaten my job when I disagree. Puts a damper on things.",sadness,anger
"MC: what are you listen to these days?\nBogum: these days I feel gloomy, I listen to ccm (spiritual song) often.\n\nChurch oppa mode. :)",sadness,joy
@1johndes ball watching &amp; Rojo'd header was equally dreadful!!,sadness,anger
My life went from happy to unhappy..,sadness,sadness
I feel like an appendix. I don't have a purpose.  #depressed  #alone #lonely #broken  #cry #hurt #crying #life,sadness,sadness
"@LeePorter94 @DomMcGovern_ hi Dom I saw u at Notts county away, looking for 1 mufc away ticket will pay ",sadness,joy
@xOffWithMyHeadx They've officially said all the episodes left (so future 12 and despair 11 and 12) will be delayed.,sadness,sadness
"@DxfyingGrxvity - frustration, looking up at Elphaba in a frown of aggravation. Her high pitched voice was growing more and more --",sadness,anger
yesterday i finished watching penny dreadful and from all the beautiful things i saw one question remains: were the writers HIM's fans?,sadness,joy
Should of stayed in Dubai 😞,sadness,sadness
aaahhhh! a little @OtisRedding to soothe the soul. #music ,sadness,joy
